{"cameraMode":{"drawMode":0,"name":"Shaded","section":"Shading Mode"},"sceneLighting":false,"audioPlay":false,"sceneViewState":{"showFog":true,"showMaterialUpdate":false,"showSkybox":false,"showFlares":true,"showImageEffects":true,"showParticleSystems":true},"in2DMode":false,"pivot":{"x":-1.2749543190002442,"y":-1.2499854564666749,"z":10.6499662399292},"rotation":{"x":-0.14231863617897035,"y":0.010672573000192643,"z":-0.0015322559047490359,"w":-0.9897743463516235},"size":2.4311232566833498,"orthographic":false}