{"cameraMode":{"drawMode":0,"name":"Shaded","section":"Shading Mode"},"sceneLighting":false,"audioPlay":false,"sceneViewState":{"showFog":true,"showMaterialUpdate":false,"showSkybox":false,"showFlares":true,"showImageEffects":true,"showParticleSystems":true},"in2DMode":false,"pivot":{"x":9.092589378356934,"y":7.88051700592041,"z":-3.7638449668884279},"rotation":{"x":-0.14231863617897035,"y":0.010672573000192643,"z":-0.0015322559047490359,"w":-0.9897743463516235},"size":0.546807050704956,"orthographic":false}