{"cameraMode":{"drawMode":0,"name":"Shaded","section":"Shading Mode"},"sceneLighting":false,"audioPlay":false,"sceneViewState":{"showFog":true,"showMaterialUpdate":false,"showSkybox":false,"showFlares":true,"showImageEffects":true,"showParticleSystems":true},"in2DMode":false,"pivot":{"x":-0.3620462417602539,"y":0.49999988079071047,"z":3.247816562652588},"rotation":{"x":-0.14231863617897035,"y":0.010672573000192643,"z":-0.0015322559047490359,"w":-0.9897743463516235},"size":0.7551901936531067,"orthographic":false}