{"cameraMode":{"drawMode":0,"name":"Shaded","section":"Shading Mode"},"sceneLighting":false,"audioPlay":false,"sceneViewState":{"showFog":true,"showMaterialUpdate":false,"showSkybox":false,"showFlares":true,"showImageEffects":true,"showParticleSystems":true},"in2DMode":false,"pivot":{"x":-4.817296981811523,"y":-4.952305316925049,"z":1.7657021284103394},"rotation":{"x":-0.14231863617897035,"y":0.010672573000192643,"z":-0.0015322559047490359,"w":-0.9897743463516235},"size":0.4636111259460449,"orthographic":false}