{"cameraMode":{"drawMode":0,"name":"Shaded","section":"Shading Mode"},"sceneLighting":false,"audioPlay":false,"sceneViewState":{"showFog":true,"showMaterialUpdate":false,"showSkybox":false,"showFlares":true,"showImageEffects":true,"showParticleSystems":true},"in2DMode":false,"pivot":{"x":10.302626609802246,"y":3.883774757385254,"z":-1.084046483039856},"rotation":{"x":-0.07031085342168808,"y":0.6533612012863159,"z":-0.06114015728235245,"w":-0.7513062953948975},"size":1.5339471101760865,"orthographic":false}